por_zona,steffen
2400,2141
2356,2113
2381,2125
2381,2129
2506,2067
2344,2136
2384,2090
2320,2142
2324,2111
2289,2080
2387,2102
2399,2140
2370,2251
2313,2111
2404,2146
2494,2172
2390,2093
2445,2163
2326,2117
2498,2149
2308,2133
2468,2117
2360,2107
2322,2125
2256,2138
2290,2170
2358,2070
2394,2114
2503,2179
2436,2124
2345,2133
2430,2134
2367,2124
2297,2114
2271,2159
2387,2128
2372,2136
2342,2091
2469,2116
2369,2117
2416,2065
2349,2103
2357,2083
2315,2102
2300,2128
2509,2148
2322,2130
2233,2105
2367,2093
2310,2120
2366,2100
2459,2129
2313,2102
2412,2159
2375,2095
2266,2097
2271,2074
2308,2133
2414,2080
2326,2125
2427,2084
2324,2111
2402,2157
2273,2071
2436,2105
2236,2077
2340,2105
2342,2191
2363,2101
2419,2075
2375,2072
2424,2129
2365,2111
2300,2146
2335,2170
2388,2148
2429,2104
2359,2126
2291,2139
2395,2071
2465,2123
2411,2163
2382,2104
2361,2141
2493,2096
2318,2101
2365,2092
2301,2106
2406,2138
2375,2067
2437,2105
2455,2065
2293,2089
2440,2117
2401,2100
2411,2137
2368,2090
2299,2058
2429,2083
2325,2171
2372,2144
2334,2108
2395,2127
2408,2067
2446,2172
2384,2111
2302,2103
2261,2099
2342,2120
2417,2147
2523,2123
2322,2095
2349,2120
2379,2099
2381,2114
2301,2106
2421,2126
2307,2095
2520,2108
2311,2190
2300,2087
2404,2154
2278,2090
2358,2155
2286,2120
2275,2081
2236,2092
2271,2116
2410,2120
2396,2122
2258,2128
2377,2117
2376,2107
2352,2195
2188,2146
2457,2112
2366,2123
2354,2084
2263,2113
2322,2160
2348,2095
2355,2100
2348,2109
2341,2146
2355,2127
2263,2074
2481,2161
2418,2138
2270,2099
2366,2092
2455,2113
2360,2078
2422,2096
2344,2058
2321,2142
2421,2081
2290,2150
2336,2094
2385,2089
2318,2133
2296,2120
2502,2075
2438,2101
2341,2125
2361,2171
2459,2066
2358,2122
2465,2107
2297,2063
2275,2112
2332,2175
2468,2133
2495,2091
2384,2208
2402,2105
2423,2140
2421,2117
2465,2136
2387,2130
2362,2170
2217,2138
2327,2145
2345,2126
2421,2116
2436,2129
2459,2064
2495,2119
2388,2131
2456,2139
2409,2093
2501,2126
2325,2135
2350,2084
2386,2161
2390,2191
2395,2108
2246,2121
2295,2172
2409,2088
2373,2159
2371,2174
2350,2137
2314,2089
2325,2136
2404,2108
2359,2205
2348,2119
2330,2222
2375,2102
2370,2146
2435,2113
2302,2131
2368,2080
2545,2083
2428,2099
2359,2136
2308,2184
2372,2163
2393,2122
2396,2200
2361,2143
2385,2146
2319,2112
2375,2098
2344,2071
2356,2121
2445,2136
2288,2119
2219,2108
2378,2066
2409,2120
2368,2137
2290,2061
2456,2098
2444,2103
2362,2102
2290,2079
2323,2138
2447,2165
2280,2144
2473,2116
2329,2157
2405,2073
2343,2076
2496,2174
2381,2123
2488,2118
2322,2099
2379,2088
2457,2111
2384,2095
2339,2056
2394,2064
2370,2148
2396,2133
2432,2224
2453,2106
2470,2178
2265,2154
2456,2065
2442,2181
2439,2086
2422,2090
2349,2086
2266,2080
2346,2100
2368,2176
2360,2145
2332,2160
2366,2110
2374,2114
2418,2180
2428,2104
2276,2117
2519,2070
2415,2098
2291,2138
2350,2126
2476,2157
2245,2138
2318,2080
2467,2126
2551,2077
2423,2144
2384,2120
2324,2087
2468,2157
2346,2123
2390,2069
2402,2174
2407,2152
2409,2100
2349,2088
2357,2210
2393,2144
2356,2097
2463,2134
2334,2155
2416,2087
2439,2094
2265,2050
2354,2061
2273,2107
2262,2072
2337,2096
2342,2122
2435,2115
2347,2146
2405,2096
2265,2150
2434,2127
2293,2098
2472,2060
2480,2103
2372,2087
2457,2068
2300,2118
2425,2161
2359,2155
2442,2032
2324,2137
2308,2144
2374,2137
2511,2106
2311,2108
2362,2103
2419,2139
2351,2186
2270,2074
2401,2114
2398,2095
2514,2085
2503,2118
2298,2102
2366,2095
2290,2184
2415,2153
2347,2094
2298,2112
2371,2153
2345,2087
2358,2107
2288,2140
2337,2119
2337,2103
2406,2052
2425,2133
2347,2086
2373,2177
2396,2099
2424,2079
2287,2071
2503,2084
2398,2159
2420,2111
2586,2139
2368,2099
2276,2127
2292,2110
2389,2093
2254,2077
2365,2077
2398,2077
2237,2143
2441,2086
2415,2073
2378,2121
2372,2133
2458,2183
2293,2138
2236,2096
2393,2103
2358,2101
2425,2118
2515,2126
2416,2191
2356,2091
2410,2136
2348,2130
2420,2140
2357,2100
2518,2122
2291,2238
2480,2086
2509,2105
2472,2081
2380,2100
2316,2149
2411,2101
2449,2105
2418,2158
2508,2111
2389,2132
2451,2106
2398,2070
2513,2081
2389,2116
2521,2082
2420,2136
2385,2084
2327,2026
2383,2215
2440,2130
2450,2122
2419,2119
2370,2112
2332,2096
2425,2139
2376,2098
2429,2072
2454,2106
2261,2138
2360,2138
2472,2115
2334,2067
2276,2116
2513,2171
2437,2164
2377,2109
2401,2079
2519,2109
2368,2106
2337,2107
2280,2115
2370,2107
2398,2112
2335,2072
2368,2142
2413,2039
2427,2114
2415,2118
2442,2122
2456,2090
2413,2073
2352,2103
2361,2112
2387,2091
2364,2093
2469,2069
2315,2063
2355,2098
2381,2047
2461,2067
2297,2133
2367,2209
2393,2113
2337,2155
2395,2119
2395,2143
2282,2128
2407,2128
2377,2106
2239,2157
2536,2081
2405,2082
2362,2146
2414,2181
2368,2161
2465,2095
2300,2109
2329,2135
2338,2158
2236,2176
2406,2136
2415,2126
2503,2100
2327,2128
2376,2175
2437,2148
2310,2107
2360,2101
2433,2113
2363,2103
2534,2145
2258,2112
2452,2105
2398,2106
2300,2151
2460,2091
2281,2104
2318,2062
2395,2084
2397,2086
2327,2073
2283,2160
2326,2193
2422,2127
2429,2120
2348,2163
2318,2167
2358,2141
2416,2093
2259,2124
2250,2098
2480,2102
2327,2112
2389,2140
2414,2138
2425,2132
2301,2133
2394,2141
2264,2127
2431,2063
2386,2113
2430,2202
2387,2084
2345,2108
2335,2151
2384,2096
2302,2088
2402,2126
2367,2088
2439,2143
2395,2111
2500,2095
2298,2141
2389,2100
2355,2101
2356,2066
2333,2141
2434,2139
2377,2116
2439,2125
2385,2131
2324,2100
2468,2112
2268,2133
2356,2099
2332,2133
2425,2063
2488,2139
2394,2149
2456,2096
2358,2103
2266,2100
2512,2144
2376,2130
2337,2110
2430,2151
2228,2145
2400,2138
2336,2151
2431,2093
2279,2151
2427,2070
2476,2158
2318,2155
2474,2121
2351,2101
2302,2123
2381,2155
2441,2117
2366,2079
2466,2075
2433,2080
2343,2120
2242,2154
2263,2133
2479,2100
2255,2154
2407,2092
2385,2107
2458,2069
2439,2135
2353,2152
2427,2126
2448,2141
2511,2094
2248,2092
2386,2166
2425,2037
2314,2193
2512,2137
2341,2121
2327,2090
2487,2191
2389,2151
2538,2119
2416,2139
2328,2095
2358,2111
2449,2096
2462,2133
2515,2103
2348,2133
2393,2107
2296,2128
2353,2167
2343,2104
2445,2138
2415,2171
2312,2091
2363,2124
2511,2100
2363,2085
2259,2119
2382,2081
2316,2101
2473,2064
2333,2115
2456,2084
2331,2055
2448,2086
2317,2118
2446,2045
2415,2143
2321,2151
2408,2108
2307,2135
2463,2061
2457,2091
2327,2147
2351,2110
2383,2145
2241,2096
2397,2123
2458,2128
2430,2136
2383,2079
2260,2104
2360,2133
2303,2209
2334,2117
2370,2146
2347,2073
2369,2084
2308,2131
2358,2160
2265,2088
2456,2137
2386,2070
2342,2113
2432,2107
2362,2105
2446,2129
2392,2151
2312,2084
2427,2121
2325,2145
2315,2080
2319,2128
2400,2071
2396,2077
2365,2151
2408,2159
2426,2075
2520,2070
2361,2057
2386,2122
2341,2102
2392,2137
2347,2105
2371,2128
2373,2135
2409,2104
2460,2115
2405,2205
2345,2099
2432,2118
2352,2103
2355,2151
2408,2127
2316,2134
2302,2160
2435,2085
2487,2124
2322,2086
2374,2116
2292,2151
2350,2132
2369,2163
2394,2134
2253,2111
2480,2112
2477,2115
2482,2076
2374,2095
2430,2146
2420,2115
2309,2076
2354,2087
2409,2127
2427,2112
2362,2100
2456,2109
2346,2190
2285,2083
2425,2153
2274,2095
2390,2129
2494,2111
2384,2135
2348,2161
2424,2158
2396,2145
2341,2067
2288,2079
2407,2096
2345,2134
2332,2090
2270,2138
2372,2096
2428,2105
2303,2104
2487,2107
2443,2128
2259,2095
2384,2136
2393,2089
2407,2122
2227,2113
2372,2144
2554,2121
2319,2114
2393,2096
2259,2122
2359,2086
2449,2119
2394,2092
2424,2102
2400,2117
2337,2140
2409,2128
2387,2111
2477,2071
2334,2110
2365,2188
2348,2094
2392,2114
2392,2099
2363,2123
2393,2145
2373,2139
2350,2072
2341,2095
2228,2150
2441,2122
2482,2069
2324,2132
2338,2130
2308,2087
2466,2097
2402,2177
2411,2134
2491,2119
2375,2076
2384,2053
2416,2111
2316,2085
2413,2145
2316,2035
2400,2086
2270,2072
2341,2119
2459,2052
2420,2088
2442,2111
2415,2153
2348,2098
2385,2081
2298,2154
2374,2087
2496,2098
2320,2157
2332,2111
2388,2118
2357,2104
2431,2140
2427,2103
2330,2102
2412,2102
2346,2098
2397,2079
2349,2117
2449,2125
2312,2141
2381,2077
2457,2101
2292,2157
2493,2122
2283,2120
2279,2087
2243,2112
2537,2054
2365,2124
2337,2106
2262,2087
2347,2137
2367,2130
2345,2093
2421,2101
2431,2114
2442,2118
2298,2083
2388,2129
2387,2124
2491,2092
2283,2161
2318,2139
2474,2099
2463,2106
2361,2109
2338,2124
2294,2131
2367,2130
2391,2143
2344,2124
2347,2139
2421,2165
2480,2127
2373,2088
2395,2111
2450,2067
2380,2086
2380,2108
2339,2120
2237,2123
2256,2109
2329,2069
2327,2076
2367,2110
2454,2082
2324,2125
2467,2149
2344,2143
2310,2153
2311,2069
2422,2131
2391,2093
2244,2104
2381,2121
2356,2083
2382,2129
2444,2152
2370,2128
2485,2164
2366,2077
2388,2117
2322,2106
2342,2134
2324,2085
2306,2103
2351,2146
2391,2135
2297,2077
2368,2128
2350,2123
2408,2108
2344,2096
2492,2120
2441,2093
2291,2102
2467,2165
2300,2138
2349,2110
2312,2069
2343,2097
2429,2139
2428,2094
2311,2162
2358,2115
2350,2076
2355,2123
2440,2108
2270,2087
2413,2102
2390,2122
2363,2093
2411,2077
2430,2116
2321,2147
2341,2078
2377,2093
2399,2091
2275,2151
2423,2077
2345,2145
2447,2123
2341,2119
2303,2086
2424,2052
2353,2074
2377,2148
2319,2145
2261,2094
2386,2149
2412,2179
2318,2057
2404,2164
2344,2105
2353,2149
2519,2118
2415,2091
2406,2117
2339,2162
2309,2082
2390,2061
2427,2098
2277,2110
2393,2112
2301,2103
2305,2127
2225,2129
2461,2079
2435,2110
2578,2144
2355,2126
2423,2084
2417,2142
2386,2126
2487,2126
2453,2152
2330,2161
2324,2092
2276,2157
2363,2129
2417,2098
2295,2079
2448,2134
2339,2141
2330,2148
2433,2107
2408,2112
2351,2121
2368,2117
2247,2112
2415,2065
2400,2089
2355,2133
2450,2168
2371,2126
2355,2113
2326,2135
2346,2103
2431,2092
2291,2101
2396,2065
2329,2183
2379,2179
2263,2088
2346,2052
2440,2125
2503,2098
2422,2152
2341,2071
2407,2065
2431,2089
2461,2129
2373,2077
2435,2080
2338,2126
2327,2115
2437,2127
2374,2153
2368,2112
2307,2085
2420,2159
2364,2097
2540,2133
2392,2134
2355,2138
2417,2102
2400,2173
2341,2093
2387,2111
2383,2107
2313,2113
2448,2093
2294,2100
2380,2086
2322,2111
2510,2121
2382,2128
2362,2107
2341,2109
2385,2078
2531,2124
2409,2093
2332,2088
2403,2091
2293,2066
2343,2119
2411,2086
2307,2119
2351,2107
2284,2120
2436,2100
2268,2113
2427,2081
2405,2105
2413,2110
2518,2106
2381,2157
2406,2120
2299,2074
2284,2146
2320,2064
2362,2084
2367,2096
2290,2129
