random,por_zona,back_to_front,wilma_por_grupos,wilma_random,wilma_back_to_front,steffen
2482,2491,2542,2207,2215,2177,2065
2514,2222,2755,2176,2309,2181,2097
2363,2386,2644,2204,2264,2185,2053
2458,2235,2660,2210,2262,2197,2081
2443,2445,2723,2293,2295,2188,2073
2465,2367,2719,2134,2238,2180,2082
2556,2284,2691,2107,2266,2219,2064
2507,2405,2552,2143,2296,2166,2083
2348,2287,2538,2236,2309,2186,2063
2464,2244,2602,2175,2272,2151,2086
2458,2396,2645,2180,2320,2207,2059
2491,2419,2551,2177,2257,2179,2060
2503,2196,2649,2159,2316,2179,2074
2530,2408,2555,2190,2268,2155,2077
2401,2305,2596,2178,2239,2205,2066
2287,2295,2597,2199,2351,2210,2077
2549,2406,2729,2174,2295,2142,2079
2448,2363,2630,2155,2284,2193,2052
2515,2461,2585,2192,2177,2200,2043
2428,2374,2606,2223,2320,2192,2097
2422,2319,2664,2155,2259,2184,2051
2422,2355,2726,2199,2326,2169,2061
2490,2380,2640,2199,2244,2181,2085
2509,2519,2659,2102,2293,2173,2081
2391,2304,2589,2218,2339,2225,2071
2297,2449,2695,2152,2291,2209,2091
2445,2343,2593,2196,2301,2148,2031
2450,2320,2499,2229,2222,2180,2076
2460,2392,2646,2196,2288,2187,2077
2569,2411,2552,2183,2330,2187,2085
2459,2466,2672,2189,2330,2231,2071
2327,2349,2602,2190,2197,2182,2094
2526,2251,2561,2231,2335,2228,2095
2379,2335,2616,2151,2317,2194,2077
2506,2307,2678,2196,2281,2203,2061
2492,2432,2726,2156,2334,2168,2104
2453,2372,2513,2169,2373,2142,2077
2409,2385,2617,2238,2328,2191,2089
2408,2382,2660,2131,2330,2196,2071
2489,2367,2573,2166,2213,2173,2085
2331,2338,2638,2153,2294,2170,2031
2470,2369,2628,2167,2303,2153,2077
2457,2402,2553,2150,2363,2209,2077
2487,2408,2589,2231,2247,2177,2071
2491,2339,2606,2219,2332,2154,2089
2473,2234,2783,2147,2211,2195,2092
2508,2294,2572,2166,2318,2170,2059
2407,2367,2593,2186,2299,2183,2100
2406,2333,2620,2121,2268,2161,2060
2401,2352,2680,2178,2282,2187,2047
2553,2345,2658,2147,2346,2169,2096
2465,2363,2589,2206,2308,2175,2046
2536,2291,2664,2179,2248,2181,2088
2461,2311,2633,2189,2233,2183,2053
2354,2297,2587,2175,2349,2193,2082
2448,2402,2622,2232,2265,2173,2089
2369,2305,2624,2231,2292,2246,2082
2215,2266,2565,2211,2311,2150,2089
2478,2398,2582,2159,2322,2188,2090
2464,2483,2600,2205,2337,2136,2053
2429,2383,2684,2123,2221,2180,2037
2492,2465,2634,2172,2318,2197,2046
2415,2292,2745,2165,2243,2159,2043
2391,2448,2567,2218,2257,2142,2075
2440,2360,2678,2163,2347,2200,2066
2411,2448,2487,2126,2266,2189,2083
2509,2527,2561,2140,2281,2196,2081
2436,2331,2636,2195,2269,2195,2081
2405,2291,2712,2224,2290,2202,2065
2556,2380,2668,2163,2256,2193,2066
2478,2383,2634,2132,2209,2214,2079
2453,2414,2680,2121,2289,2177,2072
2532,2402,2640,2126,2179,2184,2090
2546,2377,2567,2211,2184,2194,2073
2451,2401,2765,2142,2258,2174,2015
2308,2499,2657,2149,2231,2157,2080
2535,2342,2536,2172,2223,2208,2095
2385,2321,2714,2192,2280,2126,2075
2497,2288,2641,2158,2299,2211,2095
2434,2502,2481,2165,2272,2174,2094
2441,2359,2684,2223,2341,2143,2034
2488,2371,2677,2172,2313,2198,2101
2394,2448,2614,2201,2310,2191,2079
2348,2338,2650,2210,2308,2191,2097
2496,2425,2658,2154,2250,2171,2072
2333,2348,2617,2194,2288,2181,2064
2399,2457,2523,2096,2202,2225,2095
2528,2325,2581,2181,2319,2229,2076
2370,2386,2749,2171,2310,2184,2077
2355,2407,2673,2179,2348,2186,2044
2525,2303,2644,2180,2322,2152,2070
2422,2447,2551,2123,2230,2181,2085
2343,2279,2654,2157,2345,2160,2080
2507,2411,2686,2193,2262,2203,2104
2381,2476,2720,2168,2217,2200,2056
2548,2512,2593,2219,2335,2151,2076
2468,2340,2624,2155,2174,2156,2079
2579,2287,2588,2131,2301,2179,2076
2328,2252,2813,2139,2283,2153,2060
2469,2369,2724,2128,2209,2159,2083
2379,2361,2603,2230,2244,2153,2062
2487,2524,2668,2196,2306,2210,2081
2392,2380,2557,2227,2286,2178,2098
2500,2362,2653,2202,2231,2231,2067
2542,2354,2492,2174,2295,2200,2078
2454,2381,2644,2187,2204,2191,2055
2450,2418,2529,2152,2371,2152,2098
2444,2398,2721,2163,2283,2192,2101
2453,2411,2576,2195,2230,2143,2054
2405,2371,2522,2185,2213,2168,2082
2492,2555,2589,2182,2309,2119,2068
2446,2349,2602,2176,2270,2153,2070
2405,2421,2612,2169,2367,2194,2070
2450,2310,2557,2148,2321,2194,2104
2378,2432,2554,2163,2198,2220,2108
2382,2467,2621,2205,2288,2215,2085
2455,2318,2663,2148,2310,2191,2062
2470,2381,2754,2195,2306,2105,2096
2450,2359,2843,2163,2303,2181,2085
2457,2450,2650,2186,2316,2158,2089
2373,2390,2635,2159,2273,2181,2087
2380,2320,2584,2145,2333,2176,2074
2380,2381,2578,2209,2186,2178,2081
2322,2291,2610,2164,2273,2181,2062
2497,2354,2753,2174,2186,2220,2095
2499,2434,2529,2164,2337,2205,2078
2451,2314,2602,2225,2245,2170,2027
2465,2472,2726,2182,2317,2213,2073
2485,2356,2561,2218,2273,2201,2062
2412,2418,2697,2270,2271,2174,2048
2449,2377,2658,2134,2248,2168,2073
2469,2381,2683,2190,2245,2180,2074
2477,2395,2641,2159,2320,2196,2095
2348,2343,2585,2226,2266,2166,2055
2464,2297,2656,2197,2249,2181,2065
2352,2495,2619,2124,2283,2172,2035
2472,2343,2686,2222,2268,2174,2059
2477,2477,2651,2163,2348,2208,2027
2498,2407,2722,2151,2226,2177,2092
2442,2450,2526,2173,2260,2234,2058
2534,2245,2656,2161,2194,2154,2068
2421,2337,2661,2171,2281,2137,2046
2444,2370,2553,2198,2315,2154,2099
2457,2385,2659,2101,2351,2149,2049
2322,2421,2688,2099,2313,2150,2074
2455,2272,2582,2223,2270,2194,2069
2338,2375,2712,2144,2247,2195,2061
2493,2423,2633,2188,2286,2188,2059
2483,2351,2667,2239,2275,2203,2065
2419,2422,2521,2123,2213,2136,2058
2491,2399,2738,2194,2246,2170,2068
2545,2351,2575,2208,2225,2215,2083
2344,2434,2669,2132,2326,2207,2076
2480,2354,2654,2111,2294,2200,2064
2495,2357,2524,2168,2320,2182,2085
2375,2398,2524,2188,2253,2146,2092
2366,2425,2588,2149,2239,2172,2100
2527,2461,2761,2172,2230,2159,2101
2416,2348,2608,2128,2276,2208,2077
2248,2490,2642,2198,2270,2133,2088
2453,2306,2628,2204,2207,2154,2040
2492,2280,2610,2183,2268,2164,2058
2472,2376,2578,2128,2297,2184,2079
2410,2283,2589,2162,2252,2168,2044
2531,2264,2483,2139,2297,2171,2106
2350,2302,2662,2153,2302,2138,2074
2398,2375,2673,2188,2254,2196,2074
2573,2320,2600,2195,2274,2163,2050
2399,2363,2703,2203,2276,2155,2092
2395,2278,2652,2162,2311,2134,2073
2495,2372,2590,2175,2205,2167,2066
2435,2366,2535,2171,2286,2201,2088
2433,2340,2588,2180,2328,2189,2068
2432,2311,2671,2204,2328,2203,2066
2448,2357,2646,2235,2237,2181,2097
2495,2300,2620,2127,2295,2171,2077
2442,2333,2681,2152,2378,2159,2101
2456,2283,2732,2189,2349,2155,2061
2442,2385,2611,2159,2226,2181,2058
2576,2322,2575,2140,2335,2213,2086
2344,2505,2634,2096,2281,2181,2052
2329,2350,2701,2168,2275,2205,2056
2410,2310,2527,2110,2293,2193,2079
2448,2323,2563,2146,2162,2193,2082
2447,2308,2663,2197,2292,2147,2089
2453,2363,2620,2168,2337,2173,2082
2339,2405,2555,2115,2235,2177,2047
2477,2361,2635,2182,2254,2213,2094
2333,2468,2615,2187,2358,2212,2095
2334,2338,2634,2210,2201,2199,2081
2530,2452,2660,2163,2300,2181,2083
2432,2333,2662,2148,2262,2190,2089
2478,2366,2619,2167,2259,2213,2067
2395,2468,2753,2177,2192,2209,2077
2505,2356,2722,2153,2289,2190,2071
2517,2441,2648,2222,2221,2204,2073
2344,2397,2702,2087,2224,2150,2071
2524,2351,2684,2180,2336,2201,2071
2414,2405,2551,2251,2212,2213,2083
2473,2362,2598,2185,2298,2137,2051
2526,2371,2545,2145,2184,2114,2053
2471,2344,2695,2155,2310,2168,2064
2245,2375,2665,2220,2225,2160,2091
2482,2338,2709,2228,2307,2206,2087
2407,2410,2616,2205,2361,2151,2065
2575,2412,2649,2194,2276,2179,2042
2539,2382,2564,2146,2293,2197,2076
2361,2381,2623,2171,2338,2147,2081
2410,2456,2677,2191,2280,2206,2110
2429,2432,2559,2109,2248,2143,2071
2302,2363,2604,2228,2267,2183,2084
2451,2432,2760,2189,2295,2205,2079
2430,2432,2598,2185,2290,2211,2062
2457,2484,2563,2184,2200,2193,2067
2586,2362,2712,2190,2318,2138,2035
2403,2376,2623,2183,2240,2138,2094
2351,2326,2651,2204,2253,2141,2065
2446,2399,2680,2193,2224,2191,2089
2429,2397,2630,2215,2268,2162,2073
2370,2366,2643,2204,2308,2201,2046
2439,2369,2607,2143,2357,2192,2081
2501,2543,2753,2152,2281,2201,2097
2335,2440,2618,2195,2235,2140,2052
2517,2348,2712,2119,2329,2200,2068
2448,2515,2634,2164,2296,2187,2068
2391,2441,2641,2135,2262,2166,2040
2374,2305,2561,2177,2367,2211,2067
2471,2292,2565,2164,2194,2160,2079
2358,2395,2520,2133,2204,2159,2065
2564,2413,2680,2164,2278,2173,2067
2478,2434,2794,2193,2289,2193,2080
2371,2455,2619,2174,2243,2165,2092
2540,2402,2656,2166,2306,2187,2086
2429,2431,2652,2156,2206,2193,2098
2468,2408,2588,2081,2272,2147,2067
2369,2381,2602,2111,2257,2160,2062
2393,2387,2627,2117,2379,2202,2049
2365,2308,2644,2238,2323,2199,2074
2487,2478,2754,2232,2241,2181,2074
2547,2404,2683,2222,2299,2138,2058
2387,2267,2697,2190,2267,2176,2086
2504,2401,2586,2219,2381,2196,2071
2321,2352,2554,2135,2290,2195,2101
2440,2334,2646,2184,2292,2185,2119
2511,2319,2588,2189,2262,2128,2072
2496,2369,2746,2243,2303,2175,2069
2486,2388,2615,2247,2228,2201,2100
2497,2439,2644,2255,2318,2182,2064
2388,2357,2702,2140,2233,2197,2063
2415,2303,2610,2189,2241,2136,2073
2480,2346,2593,2147,2211,2151,2074
2406,2604,2604,2254,2274,2161,2092
2361,2442,2602,2184,2221,2163,2055
2432,2309,2671,2120,2304,2162,2050
2412,2332,2566,2206,2260,2190,2060
2536,2391,2598,2221,2143,2175,2043
2393,2277,2581,2175,2313,2200,2075
2348,2348,2725,2193,2326,2157,2113
2440,2333,2645,2118,2261,2175,2085
2424,2398,2579,2195,2246,2176,2070
2699,2431,2689,2105,2279,2104,2049
2518,2386,2699,2174,2214,2171,2061
2390,2399,2521,2200,2210,2184,2049
2448,2325,2690,2195,2307,2145,2061
2681,2402,2585,2205,2260,2184,2040
2548,2525,2576,2222,2233,2199,2073
2367,2344,2680,2185,2204,2185,2076
2420,2375,2541,2188,2280,2200,2097
2391,2333,2638,2125,2219,2176,2082
2437,2433,2617,2174,2231,2198,2071
2296,2494,2618,2190,2270,2167,2092
2397,2303,2544,2229,2281,2223,2056
2464,2329,2591,2174,2324,2142,2059
2505,2344,2536,2209,2328,2207,2067
2399,2425,2560,2235,2223,2171,2068
2455,2409,2596,2220,2147,2191,2066
2389,2442,2719,2169,2247,2176,2091
2324,2367,2650,2148,2319,2149,2091
2548,2349,2647,2252,2204,2169,2066
2525,2467,2656,2229,2224,2200,2086
2339,2297,2662,2209,2309,2177,2072
2515,2424,2736,2209,2274,2156,2083
2431,2341,2561,2161,2282,2189,2044
2405,2380,2643,2179,2317,2177,2074
2479,2391,2573,2222,2306,2195,2033
2475,2436,2636,2146,2292,2155,2043
2446,2347,2567,2227,2189,2133,2097
2329,2333,2616,2186,2278,2165,2074
2383,2420,2697,2244,2302,2216,2052
2495,2291,2659,2148,2239,2176,2085
2496,2427,2668,2180,2337,2172,2081
2456,2357,2513,2147,2318,2152,2055
2421,2374,2565,2110,2318,2151,2074
2474,2408,2535,2164,2351,2167,2067
2329,2362,2605,2193,2311,2147,2086
2434,2466,2594,2223,2259,2196,2086
2412,2431,2614,2206,2370,2205,2074
2341,2352,2620,2159,2285,2186,2080
2261,2484,2692,2133,2205,2156,2060
2382,2328,2587,2214,2294,2203,2070
2565,2480,2652,2201,2231,2180,2107
2323,2375,2678,2195,2333,2169,2077
2451,2321,2626,2183,2333,2202,2053
2338,2343,2507,2217,2303,2168,2104
2349,2333,2692,2208,2235,2183,2094
2431,2322,2478,2102,2255,2197,2056
2463,2251,2495,2150,2277,2149,2046
2592,2409,2676,2166,2336,2199,2068
2388,2483,2638,2206,2328,2180,2081
2401,2395,2694,2182,2292,2164,2073
2443,2452,2758,2209,2174,2151,2098
2547,2433,2681,2198,2323,2198,2065
2484,2357,2566,2218,2127,2188,2052
2555,2366,2664,2127,2316,2201,2086
2580,2388,2739,2080,2211,2147,2061
2419,2439,2519,2169,2328,2192,2037
2500,2312,2573,2223,2326,2181,2089
2297,2299,2587,2175,2228,2179,2070
2467,2405,2591,2156,2175,2213,2089
2448,2261,2554,2154,2259,2175,2091
2507,2388,2692,2227,2307,2220,2073
2377,2369,2743,2130,2248,2171,2058
2424,2358,2697,2151,2229,2184,2085
2366,2456,2624,2154,2350,2182,2046
2531,2373,2692,2192,2368,2175,2025
2363,2421,2665,2215,2199,2186,2061
2448,2336,2565,2244,2291,2168,2079
2441,2404,2743,2153,2248,2159,2092
2521,2366,2753,2180,2192,2152,2065
2520,2354,2557,2250,2311,2151,2042
2550,2378,2716,2184,2234,2166,2084
2384,2439,2669,2168,2344,2201,2075
2349,2343,2580,2200,2236,2182,2092
2384,2433,2681,2221,2324,2184,2045
2384,2388,2675,2222,2253,2188,2104
2436,2407,2723,2147,2283,2209,2079
2415,2316,2715,2113,2250,2158,2072
2386,2325,2658,2192,2353,2211,2068
2442,2413,2624,2159,2374,2188,2085
2525,2360,2685,2194,2207,2183,2104
2393,2279,2585,2279,2340,2181,2069
2401,2388,2662,2141,2358,2173,2076
2482,2349,2602,2137,2314,2140,2049
2503,2274,2589,2202,2275,2190,2061
2391,2431,2664,2181,2286,2153,2070
2369,2233,2670,2200,2355,2183,2078
2563,2419,2571,2180,2189,2172,2085
2432,2231,2630,2186,2334,2170,2068
2504,2348,2647,2195,2244,2209,2094
2402,2358,2562,2148,2278,2199,2053
2433,2375,2650,2226,2323,2176,2071
2483,2417,2700,2166,2143,2212,2061
2466,2403,2683,2218,2296,2204,2091
2540,2495,2658,2186,2379,2166,2043
2376,2432,2614,2161,2287,2147,2088
2506,2285,2610,2131,2289,2149,2065
2477,2273,2693,2161,2209,2171,2068
2459,2464,2538,2191,2271,2163,2073
2597,2410,2582,2130,2389,2160,2104
2391,2298,2659,2160,2304,2222,2068
2358,2260,2571,2196,2382,2199,2089
2450,2489,2614,2202,2290,2174,2091
2386,2331,2782,2233,2357,2184,2059
2559,2399,2726,2168,2299,2185,2038
2373,2398,2659,2146,2285,2175,2069
2354,2261,2676,2190,2320,2189,2097
2421,2371,2672,2175,2255,2225,2064
2372,2330,2642,2183,2328,2202,2089
2540,2329,2690,2144,2324,2163,2055
2258,2359,2680,2236,2311,2149,2085
2531,2413,2631,2216,2345,2152,2086
2524,2344,2627,2208,2286,2193,2040
2413,2361,2544,2220,2313,2196,2073
2390,2313,2607,2171,2310,2180,2087
2477,2363,2596,2193,2337,2143,2080
2453,2290,2587,2244,2239,2201,2061
2454,2299,2633,2184,2246,2207,2065
2464,2423,2690,2221,2243,2185,2085
2458,2385,2698,2150,2320,2178,2086
2415,2447,2641,2237,2357,2179,2068
2466,2260,2568,2200,2251,2191,2079
2524,2356,2703,2159,2272,2169,2071
2371,2419,2584,2085,2332,2165,2064
2339,2354,2591,2190,2226,2195,2071
2471,2450,2531,2222,2338,2167,2067
2517,2421,2644,2196,2348,2174,2067
2469,2327,2547,2178,2341,2206,2089
2438,2400,2640,2191,2376,2190,2095
2493,2259,2656,2206,2197,2200,2064
2459,2441,2681,2168,2161,2147,2085
2464,2357,2794,2227,2221,2199,2088
2423,2434,2580,2184,2305,2178,2083
2455,2410,2503,2252,2344,2175,2070
2545,2445,2724,2183,2319,2198,2089
2468,2372,2579,2181,2362,2179,2066
2572,2328,2680,2193,2239,2224,2068
2399,2482,2603,2173,2229,2193,2089
2554,2295,2760,2216,2342,2183,2040
2339,2383,2597,2200,2252,2199,2103
2433,2405,2597,2159,2244,2187,2093
2463,2380,2623,2182,2203,2174,2065
2451,2378,2623,2180,2298,2141,2061
2418,2388,2569,2185,2332,2197,2069
2347,2399,2494,2158,2291,2198,2037
2407,2406,2514,2163,2236,2172,2090
2499,2369,2695,2205,2257,2177,2080
2550,2324,2678,2213,2231,2169,2079
2489,2270,2557,2200,2308,2190,2049
2444,2477,2667,2151,2263,2214,2100
2543,2393,2624,2215,2278,2181,2079
2422,2243,2632,2129,2272,2178,2050
2473,2397,2693,2250,2283,2152,2067
2494,2300,2624,2177,2308,2179,2059
2507,2311,2616,2210,2323,2190,2068
2564,2316,2471,2203,2229,2130,2046
2408,2306,2583,2141,2267,2175,2091
2518,2462,2548,2207,2317,2176,2053
2388,2345,2655,2172,2222,2187,2084
2415,2330,2716,2120,2260,2158,2061
2294,2430,2632,2201,2318,2230,2085
2439,2306,2538,2165,2299,2145,2097
2489,2317,2566,2196,2200,2203,2086
2461,2308,2685,2162,2299,2191,2050
2507,2393,2633,2131,2302,2181,2081
2442,2468,2644,2220,2242,2134,2071
2526,2491,2629,2186,2231,2180,2067
2467,2299,2657,2134,2259,2152,2094
2517,2306,2789,2206,2259,2151,2074
2459,2420,2747,2164,2332,2200,2094
2510,2440,2677,2162,2230,2192,2075
2412,2392,2626,2224,2251,2195,2055
2564,2372,2688,2162,2329,2219,2052
2403,2428,2604,2120,2311,2216,2086
2434,2361,2649,2196,2285,2138,2087
2400,2428,2624,2237,2250,2164,2075
2506,2370,2556,2217,2279,2160,2061
2437,2395,2685,2156,2313,2148,2091
2460,2370,2616,2160,2368,2205,2069
2377,2381,2636,2219,2333,2182,2061
2452,2291,2607,2189,2311,2148,2080
2582,2351,2669,2212,2276,2204,2076
2458,2271,2633,2220,2191,2217,2091
2498,2274,2709,2220,2339,2172,2047
2420,2313,2529,2214,2287,2193,2089
2452,2275,2724,2157,2213,2200,2049
2402,2367,2579,2208,2279,2206,2087
2413,2404,2649,2244,2319,2206,2073
2514,2387,2550,2197,2271,2180,2040
2410,2309,2618,2154,2293,2145,2067
2443,2376,2660,2183,2271,2168,2085
2503,2417,2560,2195,2298,2227,2104
2508,2301,2690,2243,2285,2157,2077
2526,2393,2569,2191,2265,2200,2074
2479,2364,2673,2176,2248,2204,2067
2508,2447,2584,2246,2313,2227,2097
2469,2349,2618,2200,2342,2158,2064
2585,2335,2552,2200,2201,2199,2071
2421,2329,2605,2190,2307,2140,2098
2304,2357,2613,2197,2292,2153,2086
2553,2382,2617,2155,2262,2123,2055
2456,2417,2614,2164,2168,2188,2071
2344,2520,2763,2196,2258,2197,2073
2292,2433,2651,2120,2276,2206,2031
2403,2332,2602,2214,2320,2187,2076
2377,2414,2755,2197,2230,2220,2076
2401,2440,2692,2187,2233,2214,2085
2411,2314,2652,2202,2253,2192,2085
2475,2429,2649,2084,2294,2161,2089
2428,2366,2535,2209,2301,2202,2049
2394,2254,2551,2137,2220,2199,2071
2541,2348,2614,2240,2229,2163,2122
2492,2249,2738,2216,2201,2173,2084
2390,2307,2499,2224,2265,2178,2106
2458,2387,2651,2162,2258,2202,2062
2386,2385,2585,2200,2131,2168,2059
2556,2333,2659,2209,2284,2178,2073
2500,2426,2621,2230,2350,2165,2086
2479,2308,2578,2211,2269,2161,2070
2444,2340,2642,2219,2282,2173,2082
2426,2274,2537,2238,2234,2188,2077
2392,2461,2571,2206,2290,2180,2089
2414,2366,2620,2127,2290,2171,2062
2490,2287,2712,2201,2239,2175,2085
2478,2444,2632,2185,2246,2192,2058
2427,2304,2659,2180,2268,2185,2065
2460,2523,2635,2225,2318,2208,2088
2469,2453,2638,2187,2243,2184,2088
2553,2413,2603,2188,2337,2193,2092
2421,2405,2671,2176,2319,2198,2082
2512,2437,2642,2190,2211,2200,2058
2463,2459,2568,2189,2369,2141,2074
2473,2350,2718,2169,2313,2195,2028
2425,2325,2580,2184,2202,2180,2052
2388,2374,2632,2193,2301,2144,2059
2363,2233,2637,2173,2260,2167,2064
2358,2380,2594,2149,2299,2138,2059
2467,2274,2581,2125,2201,2155,2074
2532,2377,2672,2162,2233,2151,2086
2449,2280,2511,2206,2363,2146,2031
2520,2286,2567,2174,2159,2174,2070
2351,2366,2712,2194,2218,2183,2085
2310,2255,2633,2188,2213,2176,2091
2397,2484,2621,2218,2326,2144,2072
2483,2432,2637,2142,2282,2173,2073
2300,2231,2656,2191,2257,2185,2082
2455,2282,2619,2148,2313,2208,2054
2479,2274,2592,2224,2223,2164,2080
2446,2392,2715,2173,2312,2148,2056
2461,2486,2634,2190,2375,2202,2067
2303,2362,2622,2178,2350,2153,2071
2410,2268,2717,2211,2291,2192,2076
2353,2414,2639,2138,2311,2192,2082
2348,2387,2549,2193,2307,2197,2080
2501,2401,2618,2246,2291,2182,2078
2385,2408,2684,2196,2158,2173,2104
2455,2502,2632,2129,2304,2154,2048
2433,2493,2628,2211,2248,2175,2100
2431,2463,2585,2189,2355,2195,2040
2439,2371,2677,2180,2282,2167,2104
2427,2361,2632,2142,2350,2121,2027
2509,2445,2596,2196,2290,2162,2046
2524,2304,2684,2170,2312,2147,2080
2433,2386,2659,2187,2308,2152,2088
2369,2458,2496,2260,2264,2162,2067
2439,2372,2646,2196,2239,2175,2074
2484,2301,2593,2181,2240,2199,2056
2421,2432,2600,2213,2210,2150,2076
2606,2461,2602,2206,2295,2154,2052
2628,2304,2604,2207,2259,2205,2083
2500,2325,2751,2210,2211,2174,2106
2390,2300,2539,2217,2272,2195,2090
2476,2347,2591,2168,2242,2145,2083
2504,2392,2589,2156,2248,2191,2078
2539,2469,2591,2173,2282,2231,2095
2424,2481,2608,2215,2294,2181,2011
2614,2385,2628,2209,2208,2186,2061
2492,2314,2687,2149,2354,2166,2086
2400,2351,2586,2213,2327,2137,2080
2292,2246,2516,2207,2314,2184,2095
2392,2445,2635,2253,2198,2172,2055
2385,2435,2629,2181,2260,2162,2098
2528,2429,2676,2198,2229,2217,2079
2387,2386,2671,2225,2219,2222,2051
2276,2447,2751,2187,2338,2163,2055
2474,2381,2663,2203,2346,2197,2067
2348,2373,2610,2211,2337,2184,2071
2520,2448,2719,2196,2309,2138,2100
2516,2329,2629,2167,2316,2163,2069
2491,2444,2596,2171,2261,2198,2095
2505,2426,2635,2221,2278,2135,2085
2438,2304,2590,2191,2182,2190,2076
2409,2452,2635,2207,2319,2159,2079
2441,2366,2670,2144,2326,2161,2063
2430,2429,2705,2184,2346,2133,2082
2541,2353,2666,2141,2301,2192,2081
2329,2299,2615,2187,2309,2168,2083
2468,2345,2589,2222,2263,2218,2085
2404,2339,2681,2169,2310,2190,2073
2482,2340,2602,2155,2231,2188,2046
2425,2501,2709,2184,2288,2159,2073
2439,2356,2699,2177,2377,2203,2083
2421,2462,2651,2190,2251,2147,2079
2463,2376,2675,2179,2300,2167,2088
2430,2418,2727,2177,2254,2170,2074
2521,2490,2614,2227,2242,2171,2059
2459,2279,2671,2147,2267,2197,2048
2487,2354,2565,2214,2327,2179,2092
2516,2335,2592,2209,2287,2185,2083
2453,2314,2606,2203,2308,2174,2061
2518,2493,2691,2211,2158,2153,2085
2513,2413,2635,2212,2257,2191,2059
2475,2359,2593,2152,2180,2217,2052
2496,2297,2589,2203,2382,2206,2060
2606,2382,2666,2108,2292,2164,2119
2332,2250,2733,2213,2303,2183,2063
2469,2355,2676,2164,2266,2185,2065
2487,2313,2511,2218,2260,2170,2067
2470,2296,2587,2167,2258,2150,2077
2271,2344,2668,2212,2309,2157,2091
2500,2360,2617,2213,2226,2192,2058
2527,2343,2690,2123,2265,2167,2021
2542,2300,2595,2136,2291,2180,2082
2511,2441,2689,2203,2327,2208,2068
2367,2508,2638,2144,2381,2183,2064
2449,2283,2627,2137,2291,2198,2081
2377,2316,2579,2175,2187,2199,2065
2502,2399,2599,2120,2305,2146,2074
2470,2400,2646,2205,2260,2211,2052
2468,2387,2567,2145,2349,2204,2071
2489,2395,2649,2196,2282,2157,2065
2418,2258,2757,2170,2244,2146,2098
2478,2307,2643,2220,2335,2124,2092
2403,2281,2527,2203,2262,2206,2090
2483,2395,2633,2203,2238,2192,2082
2408,2269,2614,2186,2331,2165,2053
2362,2316,2640,2182,2389,2194,2085
2457,2417,2626,2235,2265,2190,2104
2264,2349,2668,2274,2291,2183,2076
2405,2285,2673,2256,2258,2158,2107
2383,2382,2610,2165,2242,2177,2070
2394,2434,2664,2142,2239,2179,2106
2398,2446,2585,2153,2345,2167,2080
2479,2477,2648,2179,2282,2151,2092
2385,2359,2629,2152,2231,2216,2064
2405,2332,2696,2133,2273,2158,2056
2445,2356,2669,2215,2241,2193,2080
2416,2434,2653,2206,2316,2192,2068
2464,2462,2593,2172,2300,2176,2095
2454,2504,2624,2166,2322,2143,2057
2448,2431,2616,2181,2356,2188,2074
2454,2340,2620,2213,2317,2223,2086
2375,2276,2445,2134,2259,2156,2069
2539,2348,2679,2162,2277,2221,2076
2453,2342,2625,2145,2218,2194,2049
2434,2372,2540,2236,2287,2169,2066
2436,2470,2522,2107,2328,2172,2083
2308,2523,2679,2240,2372,2230,2076
2392,2467,2644,2175,2269,2164,2082
2374,2372,2698,2141,2297,2181,2073
2428,2320,2656,2163,2226,2226,2079
2275,2268,2637,2230,2218,2201,2046
2573,2410,2546,2208,2293,2224,2067
2356,2324,2682,2158,2184,2199,2078
2324,2514,2607,2180,2354,2182,2076
2467,2283,2642,2212,2301,2222,2069
2433,2416,2605,2107,2258,2230,2097
2516,2324,2604,2212,2262,2170,2083
2461,2296,2677,2175,2155,2178,2061
2344,2409,2693,2176,2278,2148,2082
2420,2235,2671,2089,2241,2143,2103
2396,2424,2677,2179,2297,2160,2070
2438,2435,2653,2190,2194,2185,2061
2497,2399,2668,2173,2217,2226,2080
2410,2429,2687,2148,2317,2189,2091
2350,2489,2716,2209,2311,2172,2095
2521,2386,2688,2215,2297,2200,2084
2458,2431,2646,2192,2302,2203,2057
2487,2397,2644,2152,2382,2171,2091
2467,2310,2628,2174,2219,2203,2058
2318,2542,2601,2234,2278,2184,2089
2550,2327,2637,2142,2180,2177,2033
2280,2267,2573,2122,2331,2212,2053
2627,2358,2612,2204,2227,2139,2100
2370,2489,2727,2097,2209,2192,2094
2532,2465,2595,2117,2344,2174,2080
2572,2365,2641,2226,2233,2204,2069
2435,2370,2584,2199,2283,2227,2076
2412,2374,2625,2162,2354,2185,2071
2427,2270,2677,2159,2304,2204,2085
2412,2315,2655,2225,2244,2211,2043
2358,2359,2562,2202,2310,2166,2077
2368,2372,2521,2167,2327,2208,2057
2520,2380,2692,2180,2198,2185,2071
2425,2374,2584,2164,2359,2167,2087
2416,2363,2567,2256,2202,2186,2099
2512,2352,2597,2198,2193,2181,2044
2435,2524,2696,2181,2256,2191,2070
2396,2454,2616,2216,2300,2192,2065
2627,2410,2554,2166,2280,2214,2064
2435,2332,2534,2192,2298,2217,2073
2381,2361,2661,2121,2315,2146,2085
2462,2380,2718,2174,2231,2213,2059
2495,2308,2693,2213,2322,2141,2047
2473,2333,2510,2180,2220,2189,2089
2457,2455,2762,2211,2309,2182,2088
2446,2309,2728,2213,2288,2147,2070
2410,2425,2668,2190,2375,2120,2089
2411,2269,2728,2128,2286,2160,2065
2475,2416,2587,2221,2280,2165,2055
2499,2356,2629,2230,2232,2200,2089
2455,2260,2640,2199,2221,2170,2058
2399,2380,2472,2172,2215,2190,2082
2433,2418,2702,2247,2282,2173,2086
2490,2334,2555,2184,2211,2175,2052
2427,2434,2642,2154,2240,2163,2103
2515,2385,2651,2146,2332,2203,2060
2464,2371,2665,2198,2326,2211,2074
2356,2274,2766,2194,2352,2197,2092
2397,2423,2612,2206,2285,2182,2075
2399,2359,2657,2246,2260,2225,2082
2489,2283,2481,2138,2268,2232,2077
2543,2362,2751,2206,2284,2148,2095
2465,2337,2607,2192,2243,2171,2066
2443,2309,2738,2154,2245,2146,2076
2544,2378,2531,2186,2301,2180,2066
2514,2395,2545,2132,2308,2171,2067
2351,2350,2549,2231,2212,2151,2077
2401,2281,2649,2226,2353,2162,2052
2427,2436,2765,2200,2267,2171,2064
2363,2342,2601,2202,2233,2210,2067
2443,2323,2673,2207,2247,2193,2086
2490,2418,2634,2181,2351,2216,2064
2463,2296,2581,2242,2312,2167,2075
2340,2564,2602,2187,2361,2153,2070
2623,2342,2522,2130,2263,2162,2045
2507,2326,2532,2122,2277,2180,2089
2328,2269,2647,2218,2334,2210,2094
2429,2439,2725,2219,2242,2194,2083
2369,2355,2529,2161,2228,2135,2097
2382,2346,2694,2234,2329,2187,2085
2402,2416,2656,2212,2303,2208,2089
2389,2333,2712,2223,2322,2132,2073
2422,2303,2551,2138,2232,2191,2070
2447,2422,2653,2202,2347,2242,2095
2489,2404,2629,2105,2321,2216,2065
2502,2444,2666,2156,2187,2168,2089
2432,2248,2626,2200,2257,2225,2077
2388,2329,2627,2189,2397,2176,2082
2375,2429,2688,2195,2308,2162,2071
2404,2192,2707,2198,2277,2179,2068
2375,2473,2513,2188,2184,2174,2089
2354,2346,2594,2208,2253,2156,2052
2489,2412,2601,2158,2182,2182,2070
2449,2390,2585,2195,2282,2155,2076
2458,2302,2664,2235,2347,2158,2027
2486,2491,2667,2214,2328,2171,2064
2509,2316,2579,2187,2281,2180,2066
2420,2287,2654,2238,2267,2226,2067
2387,2526,2667,2119,2295,2240,2070
2524,2280,2656,2204,2310,2183,2035
2511,2406,2624,2173,2265,2164,2062
2448,2400,2648,2185,2338,2159,2057
2487,2484,2768,2234,2260,2218,2083
2409,2437,2522,2248,2332,2159,2073
2436,2481,2599,2150,2286,2177,2086
2517,2341,2738,2138,2321,2156,2061
2395,2380,2655,2179,2264,2189,2053
2417,2328,2609,2185,2302,2217,2067
2352,2365,2577,2210,2220,2195,2073
2534,2402,2614,2134,2287,2200,2048
2377,2340,2757,2239,2350,2176,2061
2453,2407,2623,2104,2275,2176,2086
2407,2512,2664,2201,2206,2204,2094
2422,2382,2704,2232,2310,2164,2073
2510,2431,2617,2208,2369,2195,2041
2351,2337,2802,2235,2258,2183,2055
2413,2307,2664,2154,2314,2156,2073
2542,2407,2707,2184,2322,2151,2080
2437,2392,2699,2159,2325,2138,2083
2392,2325,2684,2155,2247,2161,2066
2474,2336,2570,2165,2200,2215,2073
2437,2452,2634,2204,2239,2204,2080
2486,2301,2642,2129,2263,2233,2046
2460,2331,2472,2173,2287,2154,2086
2393,2498,2596,2182,2272,2178,2061
2635,2430,2675,2173,2250,2199,2083
2408,2483,2687,2218,2199,2172,2072
2468,2409,2706,2187,2277,2165,2091
2517,2453,2591,2194,2290,2180,2054
2352,2405,2490,2172,2376,2200,2066
2485,2417,2734,2136,2287,2158,2071
2353,2406,2628,2206,2276,2128,2065
2390,2234,2623,2146,2316,2192,2054
2641,2312,2704,2186,2324,2139,2107
2527,2360,2616,2194,2201,2192,2069
2499,2318,2643,2139,2190,2169,2068
2485,2420,2645,2164,2343,2168,2076
2461,2319,2700,2212,2198,2216,2069
2473,2360,2695,2206,2282,2180,2083
2426,2399,2687,2222,2352,2186,2104
2367,2430,2749,2139,2223,2204,2076
2378,2410,2603,2169,2387,2235,2074
2507,2238,2625,2115,2302,2182,2084
2385,2326,2611,2170,2189,2131,2060
2352,2359,2624,2118,2288,2179,2081
2565,2394,2617,2108,2296,2128,2065
2475,2397,2566,2204,2291,2185,2056
2551,2377,2593,2084,2287,2194,2092
2498,2278,2663,2182,2258,2171,2071
2449,2341,2608,2169,2277,2132,2078
2405,2368,2587,2212,2262,2182,2082
2557,2392,2560,2221,2281,2213,2051
2477,2439,2620,2127,2296,2178,2079
2355,2392,2632,2154,2276,2189,2070
2375,2442,2651,2188,2207,2190,2042
2489,2372,2708,2192,2263,2168,2060
2471,2363,2647,2238,2317,2222,2031
2513,2267,2648,2172,2293,2216,2048
2469,2291,2727,2239,2274,2198,2073
2525,2310,2595,2148,2304,2157,2042
2386,2443,2624,2174,2283,2165,2075
2415,2307,2653,2214,2229,2191,2053
2500,2270,2632,2209,2243,2195,2057
2419,2390,2715,2156,2276,2194,2065
2456,2480,2701,2239,2346,2167,2066
2521,2399,2750,2182,2303,2176,2091
2436,2402,2550,2213,2344,2202,2088
2409,2224,2679,2217,2310,2172,2102
2543,2354,2508,2228,2257,2193,2080
2494,2375,2652,2146,2277,2198,2091
2447,2443,2570,2193,2321,2196,2082
2538,2254,2671,2194,2200,2211,2083
2465,2401,2554,2130,2340,2218,2061
2556,2342,2699,2182,2233,2181,2092
2546,2491,2696,2190,2226,2218,2098
2405,2316,2574,2198,2295,2194,2084
2459,2433,2567,2156,2332,2189,2074
2369,2355,2658,2128,2326,2178,2080
2520,2350,2724,2137,2280,2176,2052
2439,2371,2615,2208,2243,2185,2089
2405,2413,2733,2194,2304,2211,2085
2453,2364,2662,2245,2236,2183,2074
2498,2398,2477,2197,2327,2151,2092
2518,2405,2653,2243,2362,2157,2101
2256,2327,2705,2167,2230,2185,2031
2519,2357,2731,2143,2317,2160,2023
2471,2399,2646,2181,2242,2165,2056
2511,2367,2674,2221,2212,2197,2079
2335,2428,2640,2209,2253,2184,2067
2524,2260,2741,2173,2295,2155,2075
2427,2299,2651,2184,2349,2168,2059
2457,2402,2719,2199,2188,2138,2098
2470,2272,2696,2196,2239,2166,2080
2430,2449,2662,2191,2201,2192,2083
2450,2389,2601,2151,2289,2118,2077
2448,2410,2688,2146,2285,2191,2080
2340,2508,2677,2166,2339,2214,2085
2338,2252,2641,2179,2357,2184,2055
2448,2293,2628,2168,2328,2139,2089
2324,2320,2648,2207,2255,2196,2063
2483,2492,2587,2229,2261,2197,2053
2346,2404,2704,2213,2274,2153,2053
2358,2314,2615,2156,2320,2213,2082
2491,2445,2539,2167,2303,2215,2064
2431,2407,2656,2184,2238,2183,2098
2442,2428,2582,2190,2213,2200,2075
2572,2435,2646,2172,2314,2232,2076
2484,2336,2653,2212,2220,2151,2079
2430,2263,2665,2196,2325,2157,2013
2363,2428,2632,2105,2300,2208,2063
2376,2586,2647,2252,2261,2175,2074
2558,2407,2683,2188,2347,2197,2058
2581,2397,2705,2165,2300,2137,2107
2527,2317,2645,2201,2291,2186,2066
2367,2441,2617,2194,2328,2174,2085
2252,2337,2528,2196,2316,2185,2070
2515,2411,2673,2136,2324,2186,2098
2489,2480,2685,2176,2322,2140,2092
2417,2410,2502,2130,2200,2179,2089
2431,2378,2589,2225,2285,2213,2064
2400,2371,2651,2122,2308,2206,2028
2501,2311,2599,2201,2297,2157,2070
2509,2403,2577,2191,2222,2208,2052
2389,2510,2557,2184,2376,2191,2067
2510,2330,2534,2187,2276,2185,2053
2349,2449,2565,2168,2304,2189,2061
2540,2324,2698,2230,2274,2194,2106
2398,2364,2691,2244,2283,2188,2062
2461,2401,2765,2109,2380,2236,2061
2436,2427,2598,2203,2295,2213,2081
2404,2519,2704,2180,2251,2165,2044
2447,2507,2685,2164,2248,2135,2049
2537,2455,2780,2221,2252,2149,2094
2437,2434,2550,2197,2289,2133,2077
2438,2438,2667,2181,2315,2210,2086
2318,2480,2627,2196,2215,2205,2080
2574,2368,2712,2168,2321,2216,2088
2325,2429,2594,2157,2214,2170,2050
2515,2336,2665,2219,2241,2166,2034
2476,2340,2738,2145,2297,2158,2082
2469,2425,2564,2182,2309,2150,2066
2573,2411,2639,2173,2296,2160,2106
2397,2443,2598,2174,2272,2168,2080
2391,2322,2614,2184,2281,2177,2104
2380,2448,2615,2133,2250,2193,2057
2368,2375,2599,2187,2262,2214,2092
2573,2409,2628,2165,2295,2115,2107
2419,2438,2695,2174,2241,2185,2082
2498,2333,2566,2200,2313,2125,2050
2558,2338,2616,2210,2377,2190,2071
2285,2339,2504,2180,2246,2192,2064
2561,2261,2682,2202,2267,2149,2095
2352,2300,2731,2185,2318,2175,2113
2375,2385,2663,2235,2195,2147,2079
2486,2346,2644,2081,2298,2103,2069
2401,2253,2626,2137,2243,2216,2071
2580,2474,2625,2174,2336,2170,2082
2340,2409,2668,2195,2289,2195,2033
2372,2264,2565,2191,2228,2190,2101
2632,2453,2598,2171,2288,2143,2088
2448,2338,2694,2200,2303,2215,2060
2440,2398,2686,2228,2258,2194,2085
2392,2329,2609,2199,2274,2156,2070
2461,2435,2683,2112,2262,2174,2073
2479,2426,2820,2164,2301,2152,2097
2475,2307,2617,2215,2268,2128,2086
2339,2360,2617,2181,2326,2171,2062
2543,2455,2625,2205,2340,2163,2067
2482,2294,2564,2213,2246,2156,2021
2321,2382,2584,2237,2261,2197,2079
2421,2443,2665,2145,2337,2207,2083
2506,2447,2630,2167,2314,2194,2068
2395,2440,2520,2172,2343,2152,2083
2465,2296,2632,2190,2192,2205,2091
2529,2615,2528,2216,2297,2194,2082
2494,2353,2699,2184,2259,2181,2102
2418,2303,2625,2121,2255,2154,2083
2524,2409,2610,2142,2188,2152,2074
2440,2339,2623,2185,2286,2201,2079
2450,2457,2577,2206,2277,2162,2060
2422,2402,2642,2118,2265,2146,2066
2478,2287,2761,2158,2251,2141,2083
2510,2454,2643,2241,2294,2222,2037
2549,2279,2592,2207,2385,2187,2113
2525,2419,2628,2228,2278,2167,2066
2454,2467,2597,2146,2341,2191,2064
2503,2368,2674,2196,2277,2237,2085
2357,2312,2610,2137,2280,2183,2110
2477,2414,2593,2200,2292,2187,2083
2389,2360,2514,2240,2251,2189,2081
2490,2314,2738,2184,2317,2215,2098
2537,2375,2689,2160,2336,2176,2089
2319,2334,2682,2107,2240,2229,2037
2396,2391,2498,2201,2320,2207,2074
2423,2297,2701,2171,2259,2164,2095
2437,2352,2588,2135,2311,2180,2073
2343,2360,2529,2215,2174,2176,2086
2549,2364,2745,2118,2309,2152,2006
2421,2448,2743,2209,2320,2141,2058
2387,2455,2660,2196,2341,2174,2063
2369,2296,2455,2167,2277,2199,2088
2609,2333,2711,2189,2342,2162,2052
2553,2378,2713,2130,2220,2216,2069
2539,2241,2677,2180,2258,2164,2080
2415,2374,2617,2189,2287,2171,2059
2376,2343,2614,2192,2288,2167,2083
2442,2304,2583,2178,2296,2152,2068
2457,2411,2679,2103,2349,2183,2071
2407,2469,2611,2214,2289,2212,2082
2542,2401,2608,2190,2317,2182,2072
2375,2365,2624,2204,2256,2166,2075
2425,2345,2679,2240,2228,2143,2057
2470,2415,2680,2215,2300,2205,2075
2580,2374,2597,2211,2308,2133,2075
2546,2356,2598,2223,2254,2165,2084
2466,2451,2571,2160,2334,2165,2092
2404,2376,2726,2182,2293,2243,2065
2444,2270,2530,2143,2233,2174,2089
2295,2265,2678,2120,2345,2201,2068
2244,2334,2629,2181,2306,2138,2074
2496,2402,2774,2196,2206,2183,2103
2531,2230,2645,2205,2225,2162,2046
2476,2354,2623,2215,2337,2178,2063
2493,2380,2560,2215,2304,2211,2064
2424,2370,2640,2105,2314,2175,2061
2655,2332,2675,2163,2295,2189,2058
2499,2465,2647,2233,2256,2177,2074
2475,2334,2627,2212,2308,2195,2070
2418,2429,2512,2132,2371,2190,2071
2426,2413,2553,2124,2326,2180,2024
2501,2427,2674,2165,2304,2213,2060
2437,2358,2619,2181,2244,2155,2095
2456,2493,2672,2243,2277,2176,2080
2523,2362,2643,2247,2302,2198,2082
2345,2411,2633,2192,2295,2156,2059
2440,2480,2644,2150,2351,2209,2065
2470,2338,2678,2212,2298,2193,2055
2448,2284,2595,2122,2302,2143,2080
2460,2403,2663,2186,2247,2188,2046
2536,2399,2659,2130,2300,2192,2056
2508,2360,2698,2197,2186,2168,2088
2407,2412,2660,2220,2282,2162,2074
2493,2469,2598,2192,2312,2206,2086
2397,2382,2565,2214,2155,2206,2047
2491,2337,2685,2209,2332,2168,2077
2452,2550,2608,2174,2364,2195,2060
2543,2485,2604,2169,2259,2180,2058
2600,2454,2617,2200,2264,2166,2066
2554,2418,2570,2132,2229,2157,2070
2333,2312,2527,2237,2293,2154,2062
2430,2447,2625,2171,2221,2209,2092
2332,2499,2576,2127,2322,2195,2073
2417,2370,2623,2110,2273,2229,2072
2367,2399,2615,2156,2312,2189,2094
2444,2435,2592,2177,2245,2195,2052
2429,2401,2701,2143,2297,2203,2074
2432,2335,2662,2216,2250,2176,2064
2509,2365,2629,2148,2321,2169,2058
2367,2384,2700,2142,2283,2155,2072
2363,2380,2674,2208,2277,2193,2061
2464,2282,2676,2164,2332,2197,2066
2490,2445,2721,2266,2245,2170,2083
2458,2424,2644,2215,2222,2208,2052
2422,2404,2662,2190,2298,2198,2085
2459,2334,2565,2193,2337,2214,2110
2530,2376,2607,2195,2343,2208,2053
2451,2287,2568,2132,2326,2186,2076
2313,2325,2516,2155,2258,2213,2075
2435,2298,2513,2150,2189,2189,2070
2327,2381,2607,2166,2301,2173,2082
2432,2381,2610,2157,2257,2213,2048
2535,2384,2611,2212,2265,2146,2080
2295,2301,2721,2145,2217,2190,2035
2517,2284,2635,2185,2301,2166,2079
2551,2292,2631,2182,2287,2131,2088
2445,2331,2658,2128,2370,2178,2088
2386,2397,2627,2162,2251,2204,2104
2335,2498,2551,2198,2249,2180,2052
2366,2376,2618,2113,2230,2183,2059
2329,2422,2630,2169,2307,2158,2070
